github_issue,state,title,database_bug_id,review_status,build,map,position,description,screenshot_sha256,created_at,updated_at,url
15,closed,[Player Bug #13] I randomly relocated,13,pending-review,Open Night v0.8.3 - login head selector + simplified player launcher; Pass 25 runtime map,Open Night — Fort Lee / GWB / Washington Heights (`map_001_gwb_corridor`),"(4127.2, 6331.8), level 0",I randomly relocated,5cb333bfc2bb8f5c9ea5515f41dc99401112a71a0214055fb8cf39c96274f2cf,2026-08-17T01:28:32Z,2026-08-17T01:30:01Z,https://github.com/goodnighthawk/Open-Night/issues/15
16,open,[Recovered Player Bug] Street lamps and lights are in separate places,,,,,,,,2026-08-17T01:33:34Z,2026-08-17T01:33:34Z,https://github.com/goodnighthawk/Open-Night/issues/16
17,open,[Recovered Player Bug] Traffic lights and synchronized lights are misaligned,,,,,,,,2026-08-17T01:33:40Z,2026-08-17T01:33:40Z,https://github.com/goodnighthawk/Open-Night/issues/17
18,open,[Recovered Player Bug] Increase pedestrian population,,,,,,,,2026-08-17T01:33:47Z,2026-08-17T01:45:51Z,https://github.com/goodnighthawk/Open-Night/issues/18
19,open,[Player Bug #14] supplier text does not rotate with camera same for other map text it needs to be rendered ,14,pending-review,Open Night v0.8.3 - login head selector + simplified player launcher; Pass 25 runtime map,Open Night — Fort Lee / GWB / Washington Heights (`map_001_gwb_corridor`),"(3929.1, 6376.1), level 0",supplier text does not rotate with camera same for other map text it needs to be rendered client side,1f1213dd457c926698de97e5a380cef33898e748c048bf812ce5e35e182789be,2026-08-17T01:33:52Z,2026-08-17T01:33:52Z,https://github.com/goodnighthawk/Open-Night/issues/19
20,open,[Recovered Player Bug] Layer changes still play the jump animation,,,,,,,,2026-08-17T01:33:57Z,2026-08-17T01:45:45Z,https://github.com/goodnighthawk/Open-Night/issues/20
21,open,[Recovered Player Bug] Tree bases are too wide and spill onto surrounding surfaces,,,,,,,,2026-08-17T01:34:03Z,2026-08-17T01:34:03Z,https://github.com/goodnighthawk/Open-Night/issues/21
22,open,[Recovered Player Bug] 2.5D city texture pack is not being used,,,,,,,,2026-08-17T01:34:09Z,2026-08-17T01:34:09Z,https://github.com/goodnighthawk/Open-Night/issues/22
23,open,[Recovered Player Bug] Movement fails when trying to stay on black tile area,,,,,,,,2026-08-17T01:34:15Z,2026-08-17T01:34:15Z,https://github.com/goodnighthawk/Open-Night/issues/23
24,open,[Player Bug #15] make turning the car be more responsive like gta2,15,pending-review,Open Night v0.8.3 - login head selector + simplified player launcher; Pass 25 runtime map,Open Night — Fort Lee / GWB / Washington Heights (`map_001_gwb_corridor`),"(2497.0, 4725.8), level 0",make turning the car be more responsive like gta2,e5e6c590631e8c4b92937c8de48df7d6b77ff7d8276e207376fa442406db0e52,2026-08-17T01:35:50Z,2026-08-17T01:45:56Z,https://github.com/goodnighthawk/Open-Night/issues/24
25,open,"[Player Bug #16] suppliers should show up on the mini and main M map, so should buyers",16,pending-review,Open Night v0.8.3 - login head selector + simplified player launcher; Pass 25 runtime map,Open Night — Fort Lee / GWB / Washington Heights (`map_001_gwb_corridor`),"(3176.6, 3260.1), level 0","suppliers should show up on the mini and main M map, so should buyers",e1a8222ce92ba00f6b40c1514a5ad2f934c84381e84ee0d96aa34ac71f1e6848,2026-08-17T01:36:58Z,2026-08-17T01:36:58Z,https://github.com/goodnighthawk/Open-Night/issues/25
26,open,[Player Bug #17] buyers and sellers should be npcs that walk around and stand around and not just points on,17,pending-review,Open Night v0.8.3 - login head selector + simplified player launcher; Pass 25 runtime map,Open Night — Fort Lee / GWB / Washington Heights (`map_001_gwb_corridor`),"(3176.6, 3260.1), level 0",buyers and sellers should be npcs that walk around and stand around and not just points on the map,c7a1d6ec9bfadc6f6acb17c2ce8d0e82c65ab99fd7194afefa8c26e20e30e09b,2026-08-17T01:37:50Z,2026-08-17T01:37:50Z,https://github.com/goodnighthawk/Open-Night/issues/26
27,open,[Player Bug #18] cars cannot drive on side walks,18,pending-review,Open Night v0.8.3 - login head selector + simplified player launcher; Pass 25 runtime map,Open Night — Fort Lee / GWB / Washington Heights (`map_001_gwb_corridor`),"(3176.6, 3260.1), level 0",cars cannot drive on side walks,d34375c8f038ec4ba2647b9705f655b09e35d7c2891916978b88d65d375163b4,2026-08-17T01:39:09Z,2026-08-17T01:39:09Z,https://github.com/goodnighthawk/Open-Night/issues/27
29,open,[Player Bug #19] vehicle collisions should deflect vehicles not let them get stuck in buildings,19,pending-review,Open Night v0.8.3 - login head selector + simplified player launcher; Pass 25 runtime map,Open Night — Fort Lee / GWB / Washington Heights (`map_001_gwb_corridor`),"(3473.2, 3450.4), level 0",vehicle collisions should deflect vehicles not let them get stuck in buildings,9fdb8049fe6f640bfd4eef312e6a48523f2f91ae9353e1f47d498c11818022eb,2026-08-17T01:41:13Z,2026-08-20T02:46:32Z,https://github.com/goodnighthawk/Open-Night/issues/29
30,open,[Player Bug #20] add breakable fire hydrants that break over 30 mph in a car and spurt some water then disa,20,pending-review,Open Night v0.8.3 - login head selector + simplified player launcher; Pass 25 runtime map,Open Night — Fort Lee / GWB / Washington Heights (`map_001_gwb_corridor`),"(3229.2, 6351.0), level 0",add breakable fire hydrants that break over 30 mph in a car and spurt some water then disappear and eventually respawn after 5 minutes,9700bcd32681240a207d9137a09c9495278d2de48911b4a1b8f41e6cc6ed2518,2026-08-17T01:43:00Z,2026-08-17T01:43:00Z,https://github.com/goodnighthawk/Open-Night/issues/30
31,open,[Player Bug #21] to be closer to gta the roads and sidewalks need to take up to 2x extra space from the bui,21,pending-review,Open Night v0.8.3 - login head selector + simplified player launcher; Pass 25 runtime map,Open Night — Fort Lee / GWB / Washington Heights (`map_001_gwb_corridor`),"(2406.3, 6190.3), level 0",to be closer to gta the roads and sidewalks need to take up to 2x extra space from the buildings/blocks,debd86e2feb28eabc76dd38e69e437e1bb96bd1021ddd06f1b32fad90a7a2a06,2026-08-17T01:44:53Z,2026-08-17T01:44:53Z,https://github.com/goodnighthawk/Open-Night/issues/31
33,open,[Player Bug #22] add dog npcs,22,pending-review,Open Night v0.8.3 - login head selector + simplified player launcher; Pass 25 runtime map,Open Night — Fort Lee / GWB / Washington Heights (`map_001_gwb_corridor`),"(2251.0, 4781.8), level 0",add dog npcs,,2026-08-17T01:52:12Z,2026-08-17T01:52:12Z,https://github.com/goodnighthawk/Open-Night/issues/33
34,open,v0.8.4 bug-fix implementation pass,,,,,,,,2026-08-17T01:52:46Z,2026-08-17T01:52:46Z,https://github.com/goodnighthawk/Open-Night/issues/34
35,closed,v0.8.4 bug-fix implementation pass,,,,,,,,2026-08-17T01:52:52Z,2026-08-17T01:52:57Z,https://github.com/goodnighthawk/Open-Night/issues/35
36,closed,Placeholder,,,,,,,,2026-08-17T01:53:01Z,2026-08-17T01:53:07Z,https://github.com/goodnighthawk/Open-Night/issues/36
37,open,v1.0 — collision-locked full-city generated art overlay,,,,,,,,2026-08-17T19:39:31Z,2026-08-17T20:20:11Z,https://github.com/goodnighthawk/Open-Night/issues/37
40,open,Server browser shows stale Internet server v0.8.3 beside local v0.9.0,,,,,,,,2026-08-19T22:36:50Z,2026-08-20T00:32:40Z,https://github.com/goodnighthawk/Open-Night/issues/40
42,open,[Player Bug #23] pedestrians are all stuck. cars are way too small compared to player and building,23,pending-review,Open Night v1.1 - bug review / GridWorld population,Open Night — Fort Lee / GWB / Washington Heights (`map_001_gwb_corridor`),"(3463.9, 1863.3), level 0",pedestrians are all stuck. cars are way too small compared to player and building,2e0b0df421097804763ef0fc52c7d549eb6beddf9f492470dad9f9cf59a76839,2026-08-20T01:49:49Z,2026-08-20T02:17:19Z,https://github.com/goodnighthawk/Open-Night/issues/42
43,open,[Player Bug #24] no supplier on map,24,pending-review,Open Night v1.1 - bug review / GridWorld population,Open Night — Fort Lee / GWB / Washington Heights (`map_001_gwb_corridor`),"(1858.2, 2147.5), level 0",no supplier on map,ed4eaed64406c6f42f28e85ca7db6bf4a7703eab79089428fa0900e715ce419c,2026-08-20T01:49:52Z,2026-08-20T02:21:58Z,https://github.com/goodnighthawk/Open-Night/issues/43
44,open,[Player Bug #25] npcs and dogs are also way too small,25,pending-review,Open Night v1.1 - bug review / GridWorld population,Open Night — Fort Lee / GWB / Washington Heights (`map_001_gwb_corridor`),"(1836.6, 2528.8), level 0",npcs and dogs are also way too small,914316aa7b273cafe09e6c8107e63db809dfcce1060f607e207f68242f81a75a,2026-08-20T01:50:06Z,2026-08-20T02:17:41Z,https://github.com/goodnighthawk/Open-Night/issues/44
45,open,[Player Bug #26] the npcs need more sidewalk and crossings to get around,26,pending-review,Open Night v1.1 - bug review / GridWorld population,Open Night — Fort Lee / GWB / Washington Heights (`map_001_gwb_corridor`),"(1827.3, 2123.3), level 0",the npcs need more sidewalk and crossings to get around,4f70b2a3012f9b48652fe66f3e92e82de9669237b4b1ddcb7f6aa5f976b2859b,2026-08-20T01:50:09Z,2026-08-20T04:07:20Z,https://github.com/goodnighthawk/Open-Night/issues/45
46,open,[Player Bug #27] buildings still have coloured outlines and cross over into eachother in places,27,pending-review,Open Night v1.1 - bug review / GridWorld population,Open Night — Fort Lee / GWB / Washington Heights (`map_001_gwb_corridor`),"(1900.2, 2586.5), level 0",buildings still have coloured outlines and cross over into eachother in places,bf960d241f521fc50a49450ea8365425240c8d1ddab2a5f51083101a1e988193,2026-08-20T01:50:11Z,2026-08-20T01:50:11Z,https://github.com/goodnighthawk/Open-Night/issues/46
47,open,[Player Bug #28] cars are colliding with themselves and npcs are too they need to try to avoid eachother an,28,pending-review,Open Night v1.1 - bug review / GridWorld population,Open Night — Fort Lee / GWB / Washington Heights (`map_001_gwb_corridor`),"(3805.1, 3770.2), level 0",cars are colliding with themselves and npcs are too they need to try to avoid eachother and there needs to be way more npcs and cars around and more sidewalk for them to walk on.,d481c86a4d43ca328972d9044dca9a52d251f590b8c47fa743a1253952816635,2026-08-20T01:50:47Z,2026-08-20T04:07:28Z,https://github.com/goodnighthawk/Open-Night/issues/47
48,open,[Player Bug #29] the cars and npcs are wayy too small compared to player and roads,29,pending-review,Open Night v1.1 - bug review / GridWorld population,Open Night — Fort Lee / GWB / Washington Heights (`map_001_gwb_corridor`),"(3516.5, 2815.2), level 0",the cars and npcs are wayy too small compared to player and roads,2a2e8ef6d1b486bc996024dd5c925c441d3772e95d740ee8edee147d8ec7e773,2026-08-20T01:51:55Z,2026-08-20T02:17:58Z,https://github.com/goodnighthawk/Open-Night/issues/48
50,closed,[Player Bug #30] the cars spin wildly when they collide they should slowly inch away from eachother until c,30,pending-review,1.1,Open Night — Fort Lee / GWB / Washington Heights (`map_001_gwb_corridor`),"(3847.4, 3305.8), level 0",the cars spin wildly when they collide they should slowly inch away from eachother until clear then drive away,46d32680e08dcfa17c5c118da78f074696948d23d3391da24dbfceada0c81030,2026-08-20T23:31:39Z,2026-08-20T23:44:45Z,https://github.com/goodnighthawk/Open-Night/issues/50
51,open,[Player Bug #31] the npcs are trapped going in circles they should use the zebra crossing to get around,31,pending-review,1.1,Open Night — Fort Lee / GWB / Washington Heights (`map_001_gwb_corridor`),"(1862.3, 1368.7), level 0",the npcs are trapped going in circles they should use the zebra crossing to get around,bb829cd37ea52b03533e083dd978c718b7774cc8bb5c75dc7eb5c37ffdb9fa28,2026-08-20T23:31:41Z,2026-08-20T23:31:41Z,https://github.com/goodnighthawk/Open-Night/issues/51
52,open,[Player Bug #32] I should be able to drive over the double white lines,32,pending-review,1.1,Open Night — Fort Lee / GWB / Washington Heights (`map_001_gwb_corridor`),"(3111.7, 1341.1), level 0",I should be able to drive over the double white lines,b57eb176ee8f87dcc7bbe97ebcb19b4f6ddebf41a7a49f40d78c6ce82eb835a8,2026-08-20T23:31:44Z,2026-08-20T23:31:44Z,https://github.com/goodnighthawk/Open-Night/issues/52
53,open,[Player Bug #33] cars should be able to drive on sidewalks and past double white lines,33,pending-review,1.1,Open Night — Fort Lee / GWB / Washington Heights (`map_001_gwb_corridor`),"(3236.7, 2989.0), level 0",cars should be able to drive on sidewalks and past double white lines,0e7cda1e3e8739116a609b2343ad29c6c72acd46330722c90e9a16e2cc927351,2026-08-20T23:32:11Z,2026-08-20T23:32:11Z,https://github.com/goodnighthawk/Open-Night/issues/53
54,open,[Player Bug #34] buildings have black frames around them,34,pending-review,1.1,Open Night — Fort Lee / GWB / Washington Heights (`map_001_gwb_corridor`),"(3383.5, 3436.2), level 0",buildings have black frames around them,269221d5ee86f60ff52a8bb1793360af9da27416f580378f1bc22d3b40e5651d,2026-08-20T23:33:26Z,2026-08-20T23:33:26Z,https://github.com/goodnighthawk/Open-Night/issues/54
55,open,[Player Bug #35] supplier and buyer should be npcs standing still and not in the road,35,pending-review,1.1,Open Night — Fort Lee / GWB / Washington Heights (`map_001_gwb_corridor`),"(3383.5, 3436.2), level 0",supplier and buyer should be npcs standing still and not in the road,c04fcd54bb995bd4e54adcd7914da297ef9edd3cf5794e19a86b2825f2bfc6fb,2026-08-20T23:33:43Z,2026-08-20T23:33:43Z,https://github.com/goodnighthawk/Open-Night/issues/55
56,open,[Player Bug #36] controls needs a seperate tab in the main menu,36,pending-review,1.1,Open Night — Fort Lee / GWB / Washington Heights (`map_001_gwb_corridor`),"(3383.5, 3436.2), level 0",controls needs a seperate tab in the main menu,112a90853e51bc96c46b29249968817f7ee56db8c51414ef18cc7dfa1a57ceed,2026-08-20T23:34:07Z,2026-08-20T23:34:07Z,https://github.com/goodnighthawk/Open-Night/issues/56
57,open,[Player Bug #37] cars and npcs that go to the edge of town will be teleported to the other edge on the oppo,37,pending-review,1.1,Open Night — Fort Lee / GWB / Washington Heights (`map_001_gwb_corridor`),"(1693.5, 668.3), level 0",cars and npcs that go to the edge of town will be teleported to the other edge on the opposite side of town line in packman to ensure a constant flow of npcs around the map with no deadspots,3e32c641614bd1ca4aa7437bbe48b8e02b559142e13a4987be1853637aa1a50c,2026-08-20T23:35:30Z,2026-08-20T23:35:30Z,https://github.com/goodnighthawk/Open-Night/issues/57
58,open,[Player Bug #38] building roof decals need to be bigger and more logically placed on the building footprint,38,pending-review,1.1,Open Night — Fort Lee / GWB / Washington Heights (`map_001_gwb_corridor`),"(1693.5, 668.3), level 0",building roof decals need to be bigger and more logically placed on the building footprint i.e. not clipping wall parts of the sprite,5ae47152bf3f95407e8267cb8891ecb008395943c9f5dc0cb8ef472a4c43ca4c,2026-08-20T23:36:12Z,2026-08-20T23:36:12Z,https://github.com/goodnighthawk/Open-Night/issues/58
59,open,[Player Bug #39] npcs need to start using zebra crossings and the traffic lights need to be readded to the ,39,pending-review,1.1,Open Night — Fort Lee / GWB / Washington Heights (`map_001_gwb_corridor`),"(2535.5, 1284.0), level 0",npcs need to start using zebra crossings and the traffic lights need to be readded to the game and traffic system,9b6c6d73a74fcb66e8a4de3c731c75c4c141dbfc5c6f35326dd4bcbadcf09d25,2026-08-20T23:37:10Z,2026-08-20T23:37:10Z,https://github.com/goodnighthawk/Open-Night/issues/59
60,open,[Player Bug #40] I can't see the supplier and they are supposed to be an npc,40,pending-review,1.2,Open Night — Fort Lee / GWB / Washington Heights (`map_001_gwb_corridor`),"(3827.7, 3384.2), level 0",I can't see the supplier and they are supposed to be an npc,16400853bd541e41991b0181ad5539a367412e0499a47cdbc8d38ac39555fa72,2026-08-21T21:01:07Z,2026-08-21T21:01:07Z,https://github.com/goodnighthawk/Open-Night/issues/60
61,open,[Player Bug #41] pedestrians are still getting stuck inside of eachother,41,pending-review,1.2,Open Night — Fort Lee / GWB / Washington Heights (`map_001_gwb_corridor`),"(1879.9, 3398.3), level 0",pedestrians are still getting stuck inside of eachother,ff254d60cb923824b4263d331f98f6f656b34814154cf4776f11831ceecfb603,2026-08-21T21:02:08Z,2026-08-21T21:02:08Z,https://github.com/goodnighthawk/Open-Night/issues/61
62,open,"[Player Bug #42] the road layout looks messy, so many unessisary lines and not even from the city_block art",42,pending-review,1.2,Open Night — Fort Lee / GWB / Washington Heights (`map_001_gwb_corridor`),"(1879.9, 3398.3), level 0","the road layout looks messy, so many unessisary lines and not even from the city_block art set",343e36abcd58f4b0af8b4589a45a30c2b1abd8ecfb457d29781f917d5a9cdae2,2026-08-21T21:02:49Z,2026-08-21T21:02:49Z,https://github.com/goodnighthawk/Open-Night/issues/62
63,open,[Player Bug #43] look at all these stuck npcs they need to be able to walk on the road occasionally and car,43,pending-review,1.2,Open Night — Fort Lee / GWB / Washington Heights (`map_001_gwb_corridor`),"(1847.5, 1504.9), level 0",look at all these stuck npcs they need to be able to walk on the road occasionally and cars slow down and beep,9aa9b94ac0cab695f5d14ccb79c166cf727323554b4b79f99600b48a00701445,2026-08-21T21:04:52Z,2026-08-21T21:04:52Z,https://github.com/goodnighthawk/Open-Night/issues/63
64,open,[Player Bug #44] the street lamps are in the wrong places and the zebra crossings and other road decals are,44,pending-review,1.2,Open Night — Fort Lee / GWB / Washington Heights (`map_001_gwb_corridor`),"(4857.4, 3517.8), level 0",the street lamps are in the wrong places and the zebra crossings and other road decals are way too abundant,69f915d11924f011be745851931a69846cb9e6ff204f68072df1bb69ca2dbbce,2026-08-21T22:05:33Z,2026-08-21T22:05:33Z,https://github.com/goodnighthawk/Open-Night/issues/64
65,open,[Player Bug #45] the npcs should run away if they get beeped at or if they get stuck they should always be ,45,pending-review,1.2,Open Night — Fort Lee / GWB / Washington Heights (`map_001_gwb_corridor`),"(1542.8, 3407.2), level 0",the npcs should run away if they get beeped at or if they get stuck they should always be trying to flow like human traffic,9a4f0b30780019356267b899f17b7ae6de7672af966830b8f1dd993cb2318d3d,2026-08-21T23:21:34Z,2026-08-21T23:21:34Z,https://github.com/goodnighthawk/Open-Night/issues/65
66,open,[Player Bug #46] make the roads half their current size,46,pending-review,1.2,Open Night — Fort Lee / GWB / Washington Heights (`map_001_gwb_corridor`),"(4400.3, 841.2), level 0",make the roads half their current size,189484635d69f1d60d2dbe40094ac5e85717b1c68b23b104ca7a87710d2f4bf2,2026-08-21T23:22:50Z,2026-08-21T23:22:50Z,https://github.com/goodnighthawk/Open-Night/issues/66
67,open,[Player Bug #47] the cars and pedestrians need to take turns crossing with a traffic light system near zebr,47,pending-review,1.2,Open Night — Fort Lee / GWB / Washington Heights (`map_001_gwb_corridor`),"(2076.0, 2905.8), level 0",the cars and pedestrians need to take turns crossing with a traffic light system near zebra crossings,da46c90e739af35b944b832118e629d9d178f5245049b63811b21486b22d3293,2026-08-21T23:56:23Z,2026-08-21T23:56:23Z,https://github.com/goodnighthawk/Open-Night/issues/67
68,open,[Player Bug #48] the npcs are still not running away from cars if they get stuck on the road,48,pending-review,1.2,Open Night — Fort Lee / GWB / Washington Heights (`map_001_gwb_corridor`),"(2076.0, 2905.8), level 0",the npcs are still not running away from cars if they get stuck on the road,df739f38d85a590fb5e9061de9c1a0c47fc5e25c81c5726b7c2d014a78f3b024,2026-08-21T23:57:02Z,2026-08-21T23:57:02Z,https://github.com/goodnighthawk/Open-Night/issues/68
69,open,[Player Bug #49] the light point for the street lamp should be over the rectangular part and the light shou,49,pending-review,1.2,Open Night — Fort Lee / GWB / Washington Heights (`map_001_gwb_corridor`),"(2508.2, 2792.0), level 0",the light point for the street lamp should be over the rectangular part and the light should be bigger and more blue hue,a41be4569bf906d6a376f1b9a2e5a1cf8a4003e3ae47b4c83cb213c1708a003f,2026-08-21T23:57:52Z,2026-08-21T23:57:52Z,https://github.com/goodnighthawk/Open-Night/issues/69
70,open,[Player Bug #50] remove controls from default esc menu,50,pending-review,1.2,Open Night — Fort Lee / GWB / Washington Heights (`map_001_gwb_corridor`),"(2918.0, 2813.8), level 0",remove controls from default esc menu,6b89db788c754cc948e008229900413d050451828fbb29dbc4d7e87793d24cdd,2026-08-21T23:58:30Z,2026-08-21T23:58:30Z,https://github.com/goodnighthawk/Open-Night/issues/70
71,open,[Player Bug #51] there is a constant clicking noise around these traffic jams,51,pending-review,1.2,Open Night — Fort Lee / GWB / Washington Heights (`map_001_gwb_corridor`),"(2918.0, 2813.8), level 0",there is a constant clicking noise around these traffic jams,30a90987b54c68f43c2c740ef0ae113cb9f3ae39ec08a7cede0677cae33fa1bb,2026-08-21T23:59:12Z,2026-08-21T23:59:12Z,https://github.com/goodnighthawk/Open-Night/issues/71
72,open,[Player Bug #52] this car looks backwards the sprite,52,pending-review,1.2,Open Night — Fort Lee / GWB / Washington Heights (`map_001_gwb_corridor`),"(7751.0, 2723.5), level 0",this car looks backwards the sprite,63a8a8e92af1829490ca60ef3fb9aab39e14d61223a8bdf8e826f40a91d2d1cb,2026-08-22T00:19:46Z,2026-08-22T00:19:46Z,https://github.com/goodnighthawk/Open-Night/issues/72
73,open,[Player Bug #53] the buyer and supplier are just icons of npcs not actual npcs and there is still only 2 of,53,pending-review,1.2,Open Night — Fort Lee / GWB / Washington Heights (`map_001_gwb_corridor`),"(11465.1, 3505.2), level 0",the buyer and supplier are just icons of npcs not actual npcs and there is still only 2 of them there needs to be at least 10 for a map this size so far,c2545212b8e26a9b160370eb32ade8e041da90e38b5004432c3db7a201ad3b5e,2026-08-22T00:21:13Z,2026-08-22T00:21:13Z,https://github.com/goodnighthawk/Open-Night/issues/73
74,open,[Player Bug #54] the tire screaching sound plays way too often when accelerating,54,pending-review,1.2,Open Night — Fort Lee / GWB / Washington Heights (`map_001_gwb_corridor`),"(11374.4, 5073.7), level 0",the tire screaching sound plays way too often when accelerating,c176b96c40a021d8da9c3cdbe3f01e562ed4268b33966c02db9940089fc4d3fc,2026-08-22T00:22:17Z,2026-08-22T00:22:17Z,https://github.com/goodnighthawk/Open-Night/issues/74
75,open,[Player Bug #55] please god remove all these thick white lines from the road that appeared they should be s,55,pending-review,1.2,Open Night — Fort Lee / GWB / Washington Heights (`map_001_gwb_corridor`),"(15489.7, 4636.9), level 0",please god remove all these thick white lines from the road that appeared they should be sidewalk area,0215958456349a6693394e254cff4ba383a6d15242ea2db8284ef6680f67c6ae,2026-08-22T00:24:58Z,2026-08-22T00:24:58Z,https://github.com/goodnighthawk/Open-Night/issues/75
76,open,[Player Bug #56] consolidate the road art style especially at junctions,56,pending-review,1.2,Open Night — Fort Lee / GWB / Washington Heights (`map_001_gwb_corridor`),"(15489.7, 4636.9), level 0",consolidate the road art style especially at junctions,26598ebdf8969ffd54126d5fe98df0bb7c06af5fd46ee44f176bc9a394c18797,2026-08-22T00:25:12Z,2026-08-22T00:25:12Z,https://github.com/goodnighthawk/Open-Night/issues/76
77,open,[Player Bug #57] light position is correct now but the base position is incorrect and the lights should be ,57,pending-review,1.2,Open Night — Fort Lee / GWB / Washington Heights (`map_001_gwb_corridor`),"(14842.3, 4869.3), level 0",light position is correct now but the base position is incorrect and the lights should be much larger 3x larger and they should be overhanging the road,ba440f260301b0d80cfc567a3d5009d4fbf6a356c375631ba1b419920c99b246,2026-08-22T00:26:00Z,2026-08-22T00:26:00Z,https://github.com/goodnighthawk/Open-Night/issues/77
78,open,[Player Bug #58] make it so pedestrian npcs can walk through eachother,58,pending-review,1.2,Open Night — Fort Lee / GWB / Washington Heights (`map_001_gwb_corridor`),"(15778.8, 2965.0), level 0",make it so pedestrian npcs can walk through eachother,7dfef1e89912c065adc0985f0d52714739255165a904b9798c8374342b8d6a7f,2026-08-22T00:28:13Z,2026-08-22T00:28:13Z,https://github.com/goodnighthawk/Open-Night/issues/78
79,open,[Player Bug #59] traffic jam from roads being too narrow again,59,pending-review,1.2,Open Night — Fort Lee / GWB / Washington Heights (`map_001_gwb_corridor`),"(12117.5, 2530.9), level 0",traffic jam from roads being too narrow again,523114a16985c63f12536ce7e2da75fd460f1401aae107179a97f823a1437042,2026-08-22T00:29:34Z,2026-08-22T00:29:34Z,https://github.com/goodnighthawk/Open-Night/issues/79
80,open,[Player Bug #60] the orientation ofthe street lamp sprite and the light source have become bugged again but,60,pending-review,1.3,Open Night — Fort Lee / GWB / Washington Heights (`map_001_gwb_corridor`),"(3479.2, 3432.0), level 0",the orientation ofthe street lamp sprite and the light source have become bugged again but the size is good now,82209e0de1262add15c80d34345ea0b73fd4f508eb8117448db1a1f285129b77,2026-08-22T01:01:55Z,2026-08-22T01:01:55Z,https://github.com/goodnighthawk/Open-Night/issues/80
81,open,[Player Bug #61] supplier and buyer is great now but there needs to be 10 pairs of them across the map not ,61,pending-review,1.3,Open Night — Fort Lee / GWB / Washington Heights (`map_001_gwb_corridor`),"(4159.7, 3678.8), level 0",supplier and buyer is great now but there needs to be 10 pairs of them across the map not just two,8abfc8bffc4fd22c9449e850df192bd10dc73a0d000e9b4c114e16e36621191b,2026-08-22T01:05:17Z,2026-08-22T01:05:17Z,https://github.com/goodnighthawk/Open-Night/issues/81
82,open,[Player Bug #62] the new vehicle sprites are too large compared to player and pixel art vehicles in the gam,62,pending-review,1.4,Open Night — Fort Lee / GWB / Washington Heights (`map_001_gwb_corridor`),"(3776.0, 3136.0), level 0",the new vehicle sprites are too large compared to player and pixel art vehicles in the game,b83ad49a32328c2266a537d1bc31f86d8c87b5afe57f00b47ac1e063e98523d0,2026-08-22T15:49:43Z,2026-08-22T15:49:43Z,https://github.com/goodnighthawk/Open-Night/issues/82
83,open,[Player Bug #63] some of the vehicle art clipping is very incorrect,63,pending-review,1.4,Open Night — Fort Lee / GWB / Washington Heights (`map_001_gwb_corridor`),"(3776.0, 3136.0), level 0",some of the vehicle art clipping is very incorrect,1c881f51538e1cb2e300d09c81926c00580d591812b30343e80a7ce0d29a2127,2026-08-22T15:50:00Z,2026-08-22T15:50:00Z,https://github.com/goodnighthawk/Open-Night/issues/83
84,open,[Player Bug #64] make it so players do not spawn in the middle of the road!,64,pending-review,1.4,Open Night — Fort Lee / GWB / Washington Heights (`map_001_gwb_corridor`),"(3776.0, 3136.0), level 0",make it so players do not spawn in the middle of the road!,380ff35df7a1ab61427c4387acb40d18c987682e2a41a2001f3ee5f80754745e,2026-08-22T15:50:14Z,2026-08-22T15:50:14Z,https://github.com/goodnighthawk/Open-Night/issues/84
85,open,[Player Bug #65] clean up the road markings and add traffic lights to prevent vehicle collisions,65,pending-review,1.4,Open Night — Fort Lee / GWB / Washington Heights (`map_001_gwb_corridor`),"(3776.0, 3136.0), level 0",clean up the road markings and add traffic lights to prevent vehicle collisions,7a21f53674c5e6b304d283e653895eaeeb73be7b5cda29c461a97e18e1c237cd,2026-08-22T15:50:45Z,2026-08-22T15:50:45Z,https://github.com/goodnighthawk/Open-Night/issues/85
86,open,[Player Bug #66] vehicles should have turning signals so other vehicles can see what they are doing. for th,66,pending-review,1.4,Open Night — Fort Lee / GWB / Washington Heights (`map_001_gwb_corridor`),"(3776.0, 3136.0), level 0",vehicles should have turning signals so other vehicles can see what they are doing. for the player these will be Q and E brake lights and headlamps H should also be integrated ontop of the fixed vehicle sprite sheet,9416c947ec44e7febd85d588f7fca536557ed018be2251e0d533b453c3da3266,2026-08-22T15:51:41Z,2026-08-22T15:51:41Z,https://github.com/goodnighthawk/Open-Night/issues/86
87,open,[Player Bug #67] vehicle sprites still have clipped sprites,67,pending-review,1.5,Open Night — Fort Lee / GWB / Washington Heights (`map_001_gwb_corridor`),"(3919.9, 2845.4), level 0",vehicle sprites still have clipped sprites,63cdb8dad80c6c84acdc90a6a038988965aa3b2543ac674c3f1d6a7be44c370f,2026-08-22T17:32:45Z,2026-08-22T17:32:45Z,https://github.com/goodnighthawk/Open-Night/issues/87
88,open,[Player Bug #68] junctions are chaos there needs to be a traffic light system,68,pending-review,1.5,Open Night — Fort Lee / GWB / Washington Heights (`map_001_gwb_corridor`),"(3919.9, 2845.4), level 0",junctions are chaos there needs to be a traffic light system,3953be2dda228bb8d3be17c2bdd06a13eb7998ef5da58f035fc0ef4aee106f08,2026-08-22T17:32:56Z,2026-08-22T17:32:56Z,https://github.com/goodnighthawk/Open-Night/issues/88
89,open,[Player Bug #69] road markings are all over the place,69,pending-review,1.5,Open Night — Fort Lee / GWB / Washington Heights (`map_001_gwb_corridor`),"(3919.9, 2845.4), level 0",road markings are all over the place,7bad6eee857e16a0d71bb7b081bf1818c9d002648b3410ac7aad0591a4941697,2026-08-22T17:33:06Z,2026-08-22T17:33:06Z,https://github.com/goodnighthawk/Open-Night/issues/89
90,open,[Player Bug #70] the wrong side of the traffic light has the light source and only some are overhanging the,70,pending-review,1.5,Open Night — Fort Lee / GWB / Washington Heights (`map_001_gwb_corridor`),"(3919.9, 2845.4), level 0","the wrong side of the traffic light has the light source and only some are overhanging the road, the size should be around 1.5x smaller",8c9af134fa5c5ca1be7419d875ec74d61db3993ab90658a6e3ba7430f1c9afe0,2026-08-22T17:33:32Z,2026-08-22T17:33:32Z,https://github.com/goodnighthawk/Open-Night/issues/90
91,open,[Player Bug #71] make it so npcs don't just follow one path on the sidewalk and they try to avoid eachother,71,pending-review,1.5,Open Night — Fort Lee / GWB / Washington Heights (`map_001_gwb_corridor`),"(3919.9, 2845.4), level 0",make it so npcs don't just follow one path on the sidewalk and they try to avoid eachother as they travel around,ed76dfd85338c317fbff20c7eb7b96f0dd8a94447972e7e384c08c51523c3e63,2026-08-22T17:34:06Z,2026-08-22T17:34:06Z,https://github.com/goodnighthawk/Open-Night/issues/91
92,open,[Player Bug #72] make it so all vehicles can't spin around fast suddenly it keeps happening when they get s,72,pending-review,1.5,Open Night — Fort Lee / GWB / Washington Heights (`map_001_gwb_corridor`),"(3919.9, 2845.4), level 0",make it so all vehicles can't spin around fast suddenly it keeps happening when they get stuck,b1ab8c1de43d78864ca402202ceb914719c84c5b3a828f3f4cc906d69d8507b2,2026-08-22T17:34:49Z,2026-08-22T17:34:49Z,https://github.com/goodnighthawk/Open-Night/issues/92
93,open,[Player Bug #73] the vehicle sprite is upside down for this car,73,pending-review,1.5,Open Night — Fort Lee / GWB / Washington Heights (`map_001_gwb_corridor`),"(5645.6, 3292.9), level 0",the vehicle sprite is upside down for this car,07e6621c181c1fbd3adbf9e68bc4a7b667bbb2e02d775e32024199f058e5c786,2026-08-22T17:35:15Z,2026-08-22T17:35:15Z,https://github.com/goodnighthawk/Open-Night/issues/93
94,open,[Player Bug #74] vehicle sprite is upside down for this car too,74,pending-review,1.5,Open Night — Fort Lee / GWB / Washington Heights (`map_001_gwb_corridor`),"(5496.0, 2967.5), level 0",vehicle sprite is upside down for this car too,cbcdd130c0cb2699367201f0e59a498671c6f9a8348931b8931bfdf3d9a9081e,2026-08-22T17:35:33Z,2026-08-22T17:35:33Z,https://github.com/goodnighthawk/Open-Night/issues/94
95,open,[Player Bug #75] upside down for this car too,75,pending-review,1.5,Open Night — Fort Lee / GWB / Washington Heights (`map_001_gwb_corridor`),"(5620.2, 2926.6), level 0",upside down for this car too,c73557eb603d6e97fc260d3960c0f8ca55816c873420ab76537a04a5cd45af31,2026-08-22T17:35:43Z,2026-08-22T17:35:43Z,https://github.com/goodnighthawk/Open-Night/issues/95
96,open,[Player Bug #76] new car too small compared to pixel cars and contains shadows and clipping from other vehi,76,pending-review,1.5,Open Night — Fort Lee / GWB / Washington Heights (`map_001_gwb_corridor`),"(5747.5, 3154.2), level 0",new car too small compared to pixel cars and contains shadows and clipping from other vehicles,25c3412e3252c134cd19c991ace5fd037cc312e4b410a17c383d8d6013754120,2026-08-22T17:36:12Z,2026-08-22T17:36:12Z,https://github.com/goodnighthawk/Open-Night/issues/96
97,open,[Player Bug #77] make it so big vehicles like tankers can't turn so quickly on the spot,77,pending-review,1.5,Open Night — Fort Lee / GWB / Washington Heights (`map_001_gwb_corridor`),"(5458.7, 2553.0), level 0",make it so big vehicles like tankers can't turn so quickly on the spot,fa42007916cbd65c9ec642ac05ce2f4d07255d6611f2d6cd4251eacca162fa53,2026-08-22T17:36:41Z,2026-08-22T17:36:41Z,https://github.com/goodnighthawk/Open-Night/issues/97
98,open,[Player Bug #78] there needs to be more suppliers on the map,78,pending-review,1.5,Open Night — Fort Lee / GWB / Washington Heights (`map_001_gwb_corridor`),"(5533.1, 2568.2), level 0",there needs to be more suppliers on the map,efab5d8d751950a47f2cef3e76c7cce6f277575e9643019eb2b7edb3e1f7c9e9,2026-08-22T17:37:05Z,2026-08-22T17:37:05Z,https://github.com/goodnighthawk/Open-Night/issues/98
99,open,[Player Bug #79] buildings can be larger in their block and they need to have their black outline removed/f,79,pending-review,1.5,Open Night — Fort Lee / GWB / Washington Heights (`map_001_gwb_corridor`),"(6348.9, 2328.2), level 0",buildings can be larger in their block and they need to have their black outline removed/fixed,e19b5f0d1138065bf2d1f2dc3e9ae242abb3d54add6a1665d27afcea25b09c5c,2026-08-22T17:37:50Z,2026-08-22T17:37:50Z,https://github.com/goodnighthawk/Open-Night/issues/99
100,open,[Player Bug #80] the curb does not look correct it is missing corner pieces.. stick to using large_set for ,80,pending-review,1.5,Open Night — Fort Lee / GWB / Washington Heights (`map_001_gwb_corridor`),"(6348.9, 2328.2), level 0",the curb does not look correct it is missing corner pieces.. stick to using large_set for the pavement as much as possible,b5cde6bcb5f78909e9083b16ed052aea27a7da4df01345fa9862304ac835ee2a,2026-08-22T17:38:47Z,2026-08-22T17:38:47Z,https://github.com/goodnighthawk/Open-Night/issues/100
101,open,[Player Bug #81] traffic is getting lost in the junctions and there are still no traffic lights,81,pending-review,1.6,Open Night — Fort Lee / GWB / Washington Heights (`map_001_gwb_corridor`),"(3918.9, 2700.0), level 0",traffic is getting lost in the junctions and there are still no traffic lights,b09572a8db273827eeb6f1568ab584cdcde0e7df8f873013a91e1783b7ecd6d4,2026-08-22T17:51:18Z,2026-08-22T17:51:18Z,https://github.com/goodnighthawk/Open-Night/issues/101
102,open,[Player Bug #82] the radio plays when outside of a car,82,pending-review,1.8,Open Night — Fort Lee / GWB / Washington Heights (`map_001_gwb_corridor`),"(2050.2, 1724.8), level 0",the radio plays when outside of a car,a3c4fba75de48654f1e17d3e924918514f75c8a6b74f07e1938663f3fddbc569,2026-08-22T18:19:59Z,2026-08-22T18:19:59Z,https://github.com/goodnighthawk/Open-Night/issues/102
103,open,[Player Bug #83] curbs are still sharp corners and pavement shows little variation,83,pending-review,1.8,Open Night — Fort Lee / GWB / Washington Heights (`map_001_gwb_corridor`),"(2050.2, 1724.8), level 0",curbs are still sharp corners and pavement shows little variation,8b21efbc867ac52b042c58b9d87ba495e836b3748f2d8e250e0ea92734439c1a,2026-08-22T18:20:18Z,2026-08-22T18:20:18Z,https://github.com/goodnighthawk/Open-Night/issues/103
104,open,[Player Bug #84] the headlights of this car sprite are back to front but the indicator system still works,84,pending-review,1.8,Open Night — Fort Lee / GWB / Washington Heights (`map_001_gwb_corridor`),"(3661.1, 1352.2), level 0",the headlights of this car sprite are back to front but the indicator system still works,640c0663b5fa91a41436c90040a33d48903b80469b666dd4a0a0d19dbd257aba,2026-08-22T18:21:09Z,2026-08-22T18:21:09Z,https://github.com/goodnighthawk/Open-Night/issues/104
105,open,[Player Bug #85] street lamps still have light in wrong place and do not overlap the road with the light so,85,pending-review,1.8,Open Night — Fort Lee / GWB / Washington Heights (`map_001_gwb_corridor`),"(5047.7, 1699.5), level 0",street lamps still have light in wrong place and do not overlap the road with the light sometimes,c7141e27d13be593266de3bdec80613ea583b0c9f396adb3239fb74aab99c8f2,2026-08-22T18:21:54Z,2026-08-22T18:21:54Z,https://github.com/goodnighthawk/Open-Night/issues/105
106,open,[Player Bug #86] there are still black outlines around buildings,86,pending-review,1.8,Open Night — Fort Lee / GWB / Washington Heights (`map_001_gwb_corridor`),"(5047.7, 1699.5), level 0",there are still black outlines around buildings,ce9429edacb0e2bc1ba42ca5c140b6597bc947c196ab9cd85f9fe5de3be4430b,2026-08-22T18:22:06Z,2026-08-22T18:22:06Z,https://github.com/goodnighthawk/Open-Night/issues/106
107,open,[Player Bug #87] the road still have way too many lines and they are asymmetrically placed on the roads,87,pending-review,1.8,Open Night — Fort Lee / GWB / Washington Heights (`map_001_gwb_corridor`),"(5047.7, 1699.5), level 0",the road still have way too many lines and they are asymmetrically placed on the roads,d16bf53b0b0b29e26aeae8ac8a64d7f260dc4a36ccef82827773287c2c463525,2026-08-22T18:22:25Z,2026-08-22T18:22:25Z,https://github.com/goodnighthawk/Open-Night/issues/107
108,open,[Player Bug #88] cars are still getting stuck in junctions because no traffic light system,88,pending-review,1.8,Open Night — Fort Lee / GWB / Washington Heights (`map_001_gwb_corridor`),"(3677.3, 1106.5), level 0",cars are still getting stuck in junctions because no traffic light system,e10f164fb410fb961714fb9b47614c1999ee0190a226ccb16b1a10b386746ef8,2026-08-22T18:23:08Z,2026-08-22T18:23:08Z,https://github.com/goodnighthawk/Open-Night/issues/108
109,open,[Player Bug #89] radio still plays when outside cars and the sound off buttons need to show on the main scr,89,pending-review,1.8,Open Night — Fort Lee / GWB / Washington Heights (`map_001_gwb_corridor`),"(75.8, 172.3), level 0",radio still plays when outside cars and the sound off buttons need to show on the main screen,937f008497c38d8739e1eb14cf73f27b013f20370756198778ecbacad7826d17,2026-08-22T18:34:07Z,2026-08-22T18:34:07Z,https://github.com/goodnighthawk/Open-Night/issues/109
110,open,[Player Bug #90] players should not spawn in the corner of the map,90,pending-review,1.8,Open Night — Fort Lee / GWB / Washington Heights (`map_001_gwb_corridor`),"(75.8, 172.3), level 0",players should not spawn in the corner of the map,7721598446d4891927154bfc84872f62443dc4504e603926470741e75928caaf,2026-08-22T18:34:15Z,2026-08-22T18:34:15Z,https://github.com/goodnighthawk/Open-Night/issues/110
111,open,[Player Bug #91] traffic lights are still bugged and buildings still have outlines and fireescapes do not g,91,pending-review,1.8,Open Night — Fort Lee / GWB / Washington Heights (`map_001_gwb_corridor`),"(4055.3, 2236.2), level 0",traffic lights are still bugged and buildings still have outlines and fireescapes do not go to roof,5dfdf4dd615fae76f1b7192b82bb075bcdf8281fefdf93ecb6dc7df547d3f7db,2026-08-22T18:35:05Z,2026-08-22T18:35:05Z,https://github.com/goodnighthawk/Open-Night/issues/111
112,open,[Player Bug #92] the curbs are misaligned and the wrong scale,92,pending-review,2.0,Open Night — Fort Lee / GWB / Washington Heights (`map_001_gwb_corridor`),"(3342.0, 2615.7), level 0",the curbs are misaligned and the wrong scale,087e00daff870124c2624704f0c4173916e18fdf65094198cfdb9d5af453b199,2026-08-22T19:22:36Z,2026-08-22T19:22:36Z,https://github.com/goodnighthawk/Open-Night/issues/112
113,open,[Player Bug #93] npcs are clumping together,93,pending-review,2.0,Open Night — Fort Lee / GWB / Washington Heights (`map_001_gwb_corridor`),"(3342.0, 2615.7), level 0",npcs are clumping together,ec94d1767cfd4444ec6232f19ae60969914f8e9e99956df09086414b5ae39d94,2026-08-22T19:22:46Z,2026-08-22T19:22:46Z,https://github.com/goodnighthawk/Open-Night/issues/113
114,open,[Player Bug #94] cars are getting stuck at the junction,94,pending-review,2.0,Open Night — Fort Lee / GWB / Washington Heights (`map_001_gwb_corridor`),"(3641.8, 3312.3), level 0",cars are getting stuck at the junction,4362ee3d101813a7a84a5da1aae287e7e4215698aef8c722b9f914c8f41cd3cb,2026-08-22T19:23:06Z,2026-08-22T19:23:06Z,https://github.com/goodnighthawk/Open-Night/issues/114
115,open,[Player Bug #95] street lamp light position is now correct but the streetlamp sprite reletive to it still n,95,pending-review,2.0,Open Night — Fort Lee / GWB / Washington Heights (`map_001_gwb_corridor`),"(3828.2, 2199.4), level 0",street lamp light position is now correct but the streetlamp sprite reletive to it still needs to be flipped so the rectangular part is aligned with the light,2064241f10534baa65b8af290f0dd73bcf7bf3807debb838661b17e70ead01e5,2026-08-22T19:24:26Z,2026-08-22T19:24:26Z,https://github.com/goodnighthawk/Open-Night/issues/115
116,open,[Player Bug #96] signficiant curb graphics misalignments,96,pending-review,2.0,Open Night — Fort Lee / GWB / Washington Heights (`map_001_gwb_corridor`),"(1030.3, 1856.7), level 0",signficiant curb graphics misalignments,190d16b0f5559a7529d83a8d22cfbd007d39a38a6cf13fdd6a653225b71ec55a,2026-08-22T19:25:02Z,2026-08-22T19:25:02Z,https://github.com/goodnighthawk/Open-Night/issues/116
117,open,[Player Bug #97] the bus is still clipped,97,pending-review,2.0,Open Night — Fort Lee / GWB / Washington Heights (`map_001_gwb_corridor`),"(1436.7, 2184.4), level 0",the bus is still clipped,e16cbbb3e64d13745946eba9c8952b9f6bc2b29460434fbd9b7d47b3037dbcdf,2026-08-22T19:25:14Z,2026-08-22T19:25:14Z,https://github.com/goodnighthawk/Open-Night/issues/117
118,open,[Player Bug #98] make it so an E option comes up near fire escapes too,98,pending-review,2.0,Open Night — Fort Lee / GWB / Washington Heights (`map_001_gwb_corridor`),"(2943.2, 2025.4), level 0",make it so an E option comes up near fire escapes too,42d8928b95cb1287d2923a7902361d669437b3ac7d9f3d92a8c4c49ed3478db1,2026-08-22T19:25:48Z,2026-08-22T19:25:48Z,https://github.com/goodnighthawk/Open-Night/issues/118
119,open,[Player Bug #99] there is no character customization step in the game client,99,pending-review,2.0,Open Night — Fort Lee / GWB / Washington Heights (`map_001_gwb_corridor`),"(3392.0, 2624.0), level 0",there is no character customization step in the game client,b04b9abb91525d32762b8a35e3f33902d138c904129faf73550714c0d330225b,2026-08-22T19:26:20Z,2026-08-22T19:26:20Z,https://github.com/goodnighthawk/Open-Night/issues/119
120,open,[Player Bug #100] the player sprites have white at the edges from not proper clipping,100,pending-review,2.0,Open Night — Fort Lee / GWB / Washington Heights (`map_001_gwb_corridor`),"(2142.4, 2803.3), level 0",the player sprites have white at the edges from not proper clipping,f72b7f238fc31fedeb3e7420b337e6256ce3d43728d0ba9a777475796fec0518,2026-08-22T19:26:47Z,2026-08-22T19:26:47Z,https://github.com/goodnighthawk/Open-Night/issues/120
121,open,[Player Bug #101] there are no car driving noises from the npcs driving cars,101,pending-review,2.0,Open Night — Fort Lee / GWB / Washington Heights (`map_001_gwb_corridor`),"(3332.3, 2830.5), level 0",there are no car driving noises from the npcs driving cars,0109fc7bf5852c6794ae4dac0dfe23f48d1ccd7cf4003f7d42687bf24d0d82cd,2026-08-22T19:27:37Z,2026-08-22T19:27:37Z,https://github.com/goodnighthawk/Open-Night/issues/121
122,open,[Player Bug #102] we need traffic lights to avoid junction chaos!!,102,pending-review,2.0,Open Night — Fort Lee / GWB / Washington Heights (`map_001_gwb_corridor`),"(3583.1, 2813.3), level 0",we need traffic lights to avoid junction chaos!!,8b6e81a1c2ec3894832f41936b48528b7fbbfc5d4d5cf5d19643710e3be4d0cb,2026-08-22T19:27:51Z,2026-08-22T19:27:51Z,https://github.com/goodnighthawk/Open-Night/issues/122
123,open,[Player Bug #103] cars should use their indicators and horn to let other npc cars move away from them when t,103,pending-review,2.0,Open Night — Fort Lee / GWB / Washington Heights (`map_001_gwb_corridor`),"(5185.8, 3452.5), level 0",cars should use their indicators and horn to let other npc cars move away from them when they get stuck in a junction car vortex,eaa2ef814df20a9cd86ad18091270c9875418eeac3ccf9fb5738ebe4284856ef,2026-08-22T19:30:25Z,2026-08-22T19:30:25Z,https://github.com/goodnighthawk/Open-Night/issues/123
124,open,[Player Bug #104] the player sprite is facing the wrong way on my screen and the hat is offset from covering,104,pending-review,2.0,Open Night — Fort Lee / GWB / Washington Heights (`map_001_gwb_corridor`),"(5234.5, 3374.6), level 0",the player sprite is facing the wrong way on my screen and the hat is offset from covering the head it should all be facing north,04945e215d675706c93cef9ab3217dcf4f65f5cd1658d802a836a8071b04f4e0,2026-08-22T19:30:58Z,2026-08-22T19:30:58Z,https://github.com/goodnighthawk/Open-Night/issues/124
125,open,[Player Bug #105] the prone sprite looks misaligned,105,pending-review,2.0,Open Night — Fort Lee / GWB / Washington Heights (`map_001_gwb_corridor`),"(5005.1, 3373.2), level 0",the prone sprite looks misaligned,79543bff7c43a359cd25fc3ea6b1d85f72207b934c850513aafee3dd98ac428a,2026-08-22T19:31:47Z,2026-08-22T19:31:47Z,https://github.com/goodnighthawk/Open-Night/issues/125
126,open,[Player Bug #106] the collision of vehicles needs to be closer tied to the sprites,106,pending-review,2.0,Open Night — Fort Lee / GWB / Washington Heights (`map_001_gwb_corridor`),"(3464.4, 2892.8), level 0",the collision of vehicles needs to be closer tied to the sprites,6ba7b79a6195a982a72e35b506e3b430676ec1e4ec5dfb96b4a304ca2ab25aca,2026-08-22T19:35:03Z,2026-08-22T19:35:03Z,https://github.com/goodnighthawk/Open-Night/issues/126
127,open,[Player Bug #107] this vehicle has its end clipped the bus too,107,pending-review,2.0,Open Night — Fort Lee / GWB / Washington Heights (`map_001_gwb_corridor`),"(7434.2, 1533.9), level 0",this vehicle has its end clipped the bus too,018dbc8384fbf3a2959428d321b4d901a11765442a86925bfc4868e8d20daac8,2026-08-22T19:36:00Z,2026-08-22T19:36:00Z,https://github.com/goodnighthawk/Open-Night/issues/127
128,open,[Player Bug #108] traffic cones need collisions and trees too and the trees and traffic ones need to be bigg,108,pending-review,2.0,Open Night — Fort Lee / GWB / Washington Heights (`map_001_gwb_corridor`),"(11860.9, 1238.4), level 0",traffic cones need collisions and trees too and the trees and traffic ones need to be bigger,0c80f2894a4270268dde18774cf412b805c376f7aa54eb1102f2caf27b9df28d,2026-08-22T19:36:58Z,2026-08-22T19:36:58Z,https://github.com/goodnighthawk/Open-Night/issues/128
129,open,[Player Bug #109] make it so the car lighting indicators etc is bigger 3x and is more light a point plus a l,109,pending-review,2.0,Open Night — Fort Lee / GWB / Washington Heights (`map_001_gwb_corridor`),"(11860.9, 1238.4), level 0",make it so the car lighting indicators etc is bigger 3x and is more light a point plus a lamp source,2ebe8c53d2edf8ce407378005154d8c1e5b8369bb1de873fc15cfd6d70309838,2026-08-22T19:37:40Z,2026-08-22T19:37:40Z,https://github.com/goodnighthawk/Open-Night/issues/129
130,open,[Player Bug #110] there is still only one supplier and buyer on the map M,110,pending-review,2.0,Open Night — Fort Lee / GWB / Washington Heights (`map_001_gwb_corridor`),"(11761.0, 1352.2), level 0",there is still only one supplier and buyer on the map M,8002194103a52d50d6b5d720289707b62dfa8ccd8206bba85e56d1ae8cd56b11,2026-08-22T19:38:19Z,2026-08-22T19:38:19Z,https://github.com/goodnighthawk/Open-Night/issues/130
131,open,[Player Bug #111] this truck is missings its end,111,pending-review,2.0,Open Night — Fort Lee / GWB / Washington Heights (`map_001_gwb_corridor`),"(11093.6, 1164.7), level 0",this truck is missings its end,37274ce45e08a6b0c2f2c02a3f03d18c4825f1968f5fbeeba0c45c21744b127c,2026-08-22T19:38:37Z,2026-08-22T19:38:37Z,https://github.com/goodnighthawk/Open-Night/issues/131
132,open,[Player Bug #112] if a car hits a player they go into prone and their collision turns off so the car can kee,112,pending-review,2.0,Open Night — Fort Lee / GWB / Washington Heights (`map_001_gwb_corridor`),"(3860.0, 2720.2), level 0",if a car hits a player they go into prone and their collision turns off so the car can keep driving,b017c2e32a0e5eaf55b42d5ff1fa606843ffb3574c08c825449d5deecd77a86d,2026-08-22T19:40:57Z,2026-08-22T19:40:57Z,https://github.com/goodnighthawk/Open-Night/issues/132
133,open,[Player Bug #113] this car sprite is upside down,113,pending-review,2.0,Open Night — Fort Lee / GWB / Washington Heights (`map_001_gwb_corridor`),"(2410.9, 3843.8), level 0",this car sprite is upside down,a1026b39e4d710717201b2b6d7aa895d8fbd04003eddecba910d9d2d7aa0d0da,2026-08-22T19:41:30Z,2026-08-22T19:41:30Z,https://github.com/goodnighthawk/Open-Night/issues/133
134,open,[Player Bug #114] the buildings can take up more of the block the sidewalks are huge now,114,pending-review,2.0,Open Night — Fort Lee / GWB / Washington Heights (`map_001_gwb_corridor`),"(3218.2, 2217.0), level 0",the buildings can take up more of the block the sidewalks are huge now,daf474347b11b7d6c6ce0fc1a40d014d77176a1ca3487e90d3eaefe7cfad0c33,2026-08-22T19:42:20Z,2026-08-22T19:42:20Z,https://github.com/goodnighthawk/Open-Night/issues/134
135,open,[Player Bug #115] this car sprite is upside down,115,pending-review,2.0,Open Night — Fort Lee / GWB / Washington Heights (`map_001_gwb_corridor`),"(3337.9, 1997.4), level 0",this car sprite is upside down,c827c8232e0f06e404baafef2ff15800efa87a95f8093fd1fac66feed9880a94,2026-08-22T19:42:43Z,2026-08-22T19:42:43Z,https://github.com/goodnighthawk/Open-Night/issues/135
136,open,[Player Bug #116] npcs are getting stuck at corners,116,pending-review,2.1,Open Night — Fort Lee / GWB / Washington Heights (`map_001_gwb_corridor`),"(3288.0, 2624.0), level 0",npcs are getting stuck at corners,4a447ae0e632a1850d6fbfca59db96c4189f837fe1fb8c427e8de50397e30bac,2026-08-22T19:57:15Z,2026-08-22T19:57:15Z,https://github.com/goodnighthawk/Open-Night/issues/136
137,open,[Player Bug #117] only one vehicle sound can be heard and its very loud regardless of player distance,117,pending-review,2.1,Open Night — Fort Lee / GWB / Washington Heights (`map_001_gwb_corridor`),"(3671.5, 1313.9), level 0",only one vehicle sound can be heard and its very loud regardless of player distance,b1207fec051d0157d1f09428c4fbb98e055d5fd97509f9a1cdf74ae87ee43d68,2026-08-22T19:59:29Z,2026-08-22T19:59:29Z,https://github.com/goodnighthawk/Open-Night/issues/137
138,open,[Player Bug #118] still buyers not on the main map M,118,pending-review,2.1,Open Night — Fort Lee / GWB / Washington Heights (`map_001_gwb_corridor`),"(4318.4, 497.7), level 0",still buyers not on the main map M,102f5b75876513f4e5b8545815bd13d98cd3d0b9dd659f3da5521a7e1a72ee86,2026-08-22T19:59:54Z,2026-08-22T19:59:54Z,https://github.com/goodnighthawk/Open-Night/issues/138
139,open,[Player Bug #119] street lamps should be now 0.5x size,119,pending-review,2.1,Open Night — Fort Lee / GWB / Washington Heights (`map_001_gwb_corridor`),"(4318.4, 497.7), level 0",street lamps should be now 0.5x size,3056e499a2bdb829cb7bf44b938c75af3414ccc655d6b71caf92a0ec613da25b,2026-08-22T20:00:16Z,2026-08-22T20:00:16Z,https://github.com/goodnighthawk/Open-Night/issues/139
140,open,[Player Bug #120] make it so the car headlamps inidcators etc have more alpha/transparency,120,pending-review,2.1,Open Night — Fort Lee / GWB / Washington Heights (`map_001_gwb_corridor`),"(2030.0, 2826.7), level 0",make it so the car headlamps inidcators etc have more alpha/transparency,903c3b3d0fc05b33139012783f325b25a6806af7daac79bca06fc19b5f6449ce,2026-08-22T20:30:51Z,2026-08-22T20:30:51Z,https://github.com/goodnighthawk/Open-Night/issues/140
141,open,[Player Bug #121] buyer still not on main map m or minimap,121,pending-review,2.1,Open Night — Fort Lee / GWB / Washington Heights (`map_001_gwb_corridor`),"(2058.0, 2900.5), level 0",buyer still not on main map m or minimap,7656f8db58d04740eebf04a8ef75bcc119b26ee2ab1aa0848efa39ed25fc98ed,2026-08-22T20:31:18Z,2026-08-22T20:31:18Z,https://github.com/goodnighthawk/Open-Night/issues/141
142,open,[Player Bug #122] this tree sprite is around x4 too small,122,pending-review,2.1,Open Night — Fort Lee / GWB / Washington Heights (`map_001_gwb_corridor`),"(2712.7, 2430.0), level 0",this tree sprite is around x4 too small,51b09113fe38d0bbc7eb8d1f538267dcf20e2df5788ae7042beb1ef360b9e928,2026-08-22T20:31:41Z,2026-08-22T20:31:41Z,https://github.com/goodnighthawk/Open-Night/issues/142
143,open,[Player Bug #123] it also needs a collision layer,123,pending-review,2.1,Open Night — Fort Lee / GWB / Washington Heights (`map_001_gwb_corridor`),"(2644.9, 2424.3), level 0",it also needs a collision layer,be69915652413491625eee99a74e27d617c9d41e3106d810ea83ed8a57e76e04,2026-08-22T20:32:01Z,2026-08-22T20:32:01Z,https://github.com/goodnighthawk/Open-Night/issues/143
144,open,[Player Bug #124] my players hat need to move further north to align with the players head,124,pending-review,2.1,Open Night — Fort Lee / GWB / Washington Heights (`map_001_gwb_corridor`),"(3185.5, 2388.5), level 0",my players hat need to move further north to align with the players head,86b02759af758a5a65947ff5519915986cf741fddeb4bd2921ed3f476e28d6c7,2026-08-22T20:32:27Z,2026-08-22T20:32:27Z,https://github.com/goodnighthawk/Open-Night/issues/144
145,open,[Player Bug #125] npcs are getting stuck as clusters on the buyer,125,pending-review,2.1,Open Night — Fort Lee / GWB / Washington Heights (`map_001_gwb_corridor`),"(2245.9, 2599.2), level 0",npcs are getting stuck as clusters on the buyer,34404d179ee64f06cce13e4c16229dc9a40d6819092f5dd1f91bbd9a74b7005f,2026-08-22T20:33:14Z,2026-08-22T20:33:14Z,https://github.com/goodnighthawk/Open-Night/issues/145
146,open,[Player Bug #126] cars are getting stuck moving in circles,126,pending-review,2.1,Open Night — Fort Lee / GWB / Washington Heights (`map_001_gwb_corridor`),"(1286.2, 5047.8), level 0",cars are getting stuck moving in circles,d68f7b3dd75458153d49deb6a7d2847b99c60c90a7d97410dcea2dadec4d63cc,2026-08-22T20:33:52Z,2026-08-22T20:33:52Z,https://github.com/goodnighthawk/Open-Night/issues/146
147,open,[Player Bug #127] remove the shadow from my player it is not correctly overhead,127,pending-review,2.1,Open Night — Fort Lee / GWB / Washington Heights (`map_001_gwb_corridor`),"(1557.3, 4123.8), level 0",remove the shadow from my player it is not correctly overhead,737c5d9a9461322e6af8ea2efe82159aca169a648666b33be082c880a10ebff4,2026-08-22T20:34:10Z,2026-08-22T20:34:10Z,https://github.com/goodnighthawk/Open-Night/issues/147
148,open,[Player Bug #128] lamp bases need to be further in on the sidewalk,128,pending-review,2.1,Open Night — Fort Lee / GWB / Washington Heights (`map_001_gwb_corridor`),"(2644.5, 3625.9), level 0",lamp bases need to be further in on the sidewalk,271d5a9f511be6b65658998ec4d6450ad2b601bd05dbd4418da7b6ac73606a74,2026-08-22T20:34:32Z,2026-08-22T20:34:32Z,https://github.com/goodnighthawk/Open-Night/issues/148
149,open,[Player Bug #129] these paradols need to be around 3x the size and on the roof layer so the player goes unde,129,pending-review,2.1,Open Night — Fort Lee / GWB / Washington Heights (`map_001_gwb_corridor`),"(1992.0, 4226.9), level 0",these paradols need to be around 3x the size and on the roof layer so the player goes under them,8ebab64c996512c06a8844688bbc44b709d306161d6986aae47e6d18fffd11db,2026-08-22T20:35:07Z,2026-08-22T20:35:07Z,https://github.com/goodnighthawk/Open-Night/issues/149
150,open,[Player Bug #130] add e to get into a car as a passenger,130,pending-review,2.1,Open Night — Fort Lee / GWB / Washington Heights (`map_001_gwb_corridor`),"(1685.7, 2881.7), level 0",add e to get into a car as a passenger,b24cc2416666038ae27009634b629cd1956d6717aec7dc78502d89b3d14a9692,2026-08-22T20:37:54Z,2026-08-22T20:37:54Z,https://github.com/goodnighthawk/Open-Night/issues/150
151,open,[Player Bug #131] make it so cars do not make a player stuck the push players and npcs out of the way and ot,131,pending-review,2.1,Open Night — Fort Lee / GWB / Washington Heights (`map_001_gwb_corridor`),"(1685.7, 2881.7), level 0",make it so cars do not make a player stuck the push players and npcs out of the way and other cars out of the way too,0535021408f394571dc70c01d902044c9cb79890771c48fcbc883418c2a239a4,2026-08-22T20:38:20Z,2026-08-22T20:38:20Z,https://github.com/goodnighthawk/Open-Night/issues/151
152,open,[Player Bug #132] tree decal still too small and no collision,132,pending-review,2.2,Open Night — Fort Lee / GWB / Washington Heights (`map_001_gwb_corridor`),"(2812.8, 2367.7), level 0",tree decal still too small and no collision,542fe3d33d06330cf2ed30a98aad332be4234b6d237eb8d0b8cb19993bdd8692,2026-08-22T20:56:47Z,2026-08-22T20:56:47Z,https://github.com/goodnighthawk/Open-Night/issues/152
153,open,[Player Bug #133] add space as handbrake and also add some parking spots where people in cars can chill out,133,pending-review,2.2,Open Night — Fort Lee / GWB / Washington Heights (`map_001_gwb_corridor`),"(1345.3, 4961.8), level 0",add space as handbrake and also add some parking spots where people in cars can chill out,850becf1ec6abb9085d9d2bdbf11755c67bb3e06553e23a1720e7e2e09fc88e3,2026-08-22T20:57:59Z,2026-08-22T20:57:59Z,https://github.com/goodnighthawk/Open-Night/issues/153
154,open,[Player Bug #134] phone needs to be on pavement and should have a light around it,134,pending-review,2.2,Open Night — Fort Lee / GWB / Washington Heights (`map_001_gwb_corridor`),"(1884.8, 5402.8), level 0",phone needs to be on pavement and should have a light around it,0f7e61e6d32b6d153bd8df8a051fdd62c3fa2adfa30b6b7d3dbfc05eb6b2be3b,2026-08-22T20:58:19Z,2026-08-22T20:58:19Z,https://github.com/goodnighthawk/Open-Night/issues/154
155,open,[Player Bug #135] add traffic lights to avoid these car pile ups!,135,pending-review,2.2,Open Night — Fort Lee / GWB / Washington Heights (`map_001_gwb_corridor`),"(3392.0, 2624.0), level 0",add traffic lights to avoid these car pile ups!,3db47012d9ed9ef8c857d89e6e8caf260b155dba82f3be0ee08099e2869f1c5c,2026-08-22T20:59:09Z,2026-08-22T20:59:09Z,https://github.com/goodnighthawk/Open-Night/issues/155
156,open,[Player Bug #136] make it so npcs can cross the road if they want but they try not to if there is a car clos,136,pending-review,2.2,Open Night — Fort Lee / GWB / Washington Heights (`map_001_gwb_corridor`),"(3371.2, 1973.9), level 0",make it so npcs can cross the road if they want but they try not to if there is a car close to them,8738ecc89fe91b9f7e3d2c821461e448964a5fe4984c6b883da082135c82a9f2,2026-08-22T20:59:37Z,2026-08-22T20:59:37Z,https://github.com/goodnighthawk/Open-Night/issues/156
157,open,[Player Bug #137] this car still has a bit of texture clipping,137,pending-review,2.2,Open Night — Fort Lee / GWB / Washington Heights (`map_001_gwb_corridor`),"(3653.0, 1451.2), level 0",this car still has a bit of texture clipping,d96d74d1f9b36a1d770e5a90af52936b0c569feb60526491352a6663861126c6,2026-08-22T20:59:55Z,2026-08-22T20:59:55Z,https://github.com/goodnighthawk/Open-Night/issues/157
158,open,[Player Bug #138] suppliers are still not on map only one pair is. map m,138,pending-review,2.2,Open Night — Fort Lee / GWB / Washington Heights (`map_001_gwb_corridor`),"(1539.2, 2814.5), level 0",suppliers are still not on map only one pair is. map m,5614bb21ed3228e3c80bd9631ab6025fa9a71cdc5194d3bb2caa60178b198918,2026-08-22T21:00:52Z,2026-08-22T21:00:52Z,https://github.com/goodnighthawk/Open-Night/issues/158
159,open,[Player Bug #139] make it so pedestrians have some collision and try to walk around eachother,139,pending-review,2.2,Open Night — Fort Lee / GWB / Washington Heights (`map_001_gwb_corridor`),"(1539.2, 2814.5), level 0",make it so pedestrians have some collision and try to walk around eachother,1b871f708d622a373d570fac877b182e61dbd27eba9aa65bd59ce313dfc151c1,2026-08-22T21:01:09Z,2026-08-22T21:01:09Z,https://github.com/goodnighthawk/Open-Night/issues/159
160,open,[Player Bug #140] the hat asset clips in places and looks backwards the baseball cap peak should be present ,140,pending-review,2.2,Open Night — Fort Lee / GWB / Washington Heights (`map_001_gwb_corridor`),"(2053.3, 2920.9), level 0",the hat asset clips in places and looks backwards the baseball cap peak should be present and facing north with default character camera position,e9d36130c3a88a36235777c466da8225a2e18cd6e2799b93632b886e1d4d7e92,2026-08-22T21:02:16Z,2026-08-22T21:02:16Z,https://github.com/goodnighthawk/Open-Night/issues/160
161,open,[Player Bug #141] make it so the cars actually use their horn instead of just writing BEEP!,141,pending-review,2.2,Open Night — Fort Lee / GWB / Washington Heights (`map_001_gwb_corridor`),"(3626.4, 3375.1), level 0",make it so the cars actually use their horn instead of just writing BEEP!,a0b12405106f3bf4c3442668004dc2537c4906410858610f2d8097939c97fa8b,2026-08-22T21:20:27Z,2026-08-22T21:20:27Z,https://github.com/goodnighthawk/Open-Night/issues/161
162,open,[Player Bug #142] these two bus sprites are clipped,142,pending-review,2.3,Open Night — Fort Lee / GWB / Washington Heights (`map_001_gwb_corridor`),"(3596.7, 2894.3), level 0",these two bus sprites are clipped,517104c5c7a0aa72f254e37ebe43613877b6edbd98d295cf723a4f89190c834f,2026-08-22T21:39:58Z,2026-08-22T21:39:58Z,https://github.com/goodnighthawk/Open-Night/issues/162
163,open,[Player Bug #143] it seems not possible to drive away in parked cars,143,pending-review,2.3,Open Night — Fort Lee / GWB / Washington Heights (`map_001_gwb_corridor`),"(3136.0, 3543.0), level 0",it seems not possible to drive away in parked cars,eb76c9b66d1d5b1fd90da76f202f709eed4b1734003e5688e41d908749a7bd0c,2026-08-22T21:41:04Z,2026-08-22T21:41:04Z,https://github.com/goodnighthawk/Open-Night/issues/163
164,open,[Player Bug #144] make the main objective of traffic to circulate around the map randomly avoiding other car,144,pending-review,2.3,Open Night — Fort Lee / GWB / Washington Heights (`map_001_gwb_corridor`),"(3642.8, 3526.2), level 0",make the main objective of traffic to circulate around the map randomly avoiding other cars,5defcc99eed3d969bc8a6541adaffbc88cb711b37346d09b647451d1289f840b,2026-08-22T21:41:40Z,2026-08-22T21:41:40Z,https://github.com/goodnighthawk/Open-Night/issues/164
