chunk_id,chunk_x,chunk_y,filename,world_x,world_y,world_w,world_h
A1,0,0,A1.grid,0,0,1024,1024
B1,1,0,B1.grid,1024,0,1024,1024
C1,2,0,C1.grid,2048,0,1024,1024
D1,3,0,D1.grid,3072,0,1024,1024
E1,4,0,E1.grid,4096,0,1024,1024
F1,5,0,F1.grid,5120,0,1024,1024
G1,6,0,G1.grid,6144,0,1024,1024
H1,7,0,H1.grid,7168,0,1024,1024
I1,8,0,I1.grid,8192,0,1024,1024
J1,9,0,J1.grid,9216,0,1024,1024
K1,10,0,K1.grid,10240,0,1024,1024
L1,11,0,L1.grid,11264,0,1024,1024
M1,12,0,M1.grid,12288,0,1024,1024
N1,13,0,N1.grid,13312,0,1024,1024
O1,14,0,O1.grid,14336,0,1024,1024
P1,15,0,P1.grid,15360,0,1024,1024
A2,0,1,A2.grid,0,1024,1024,1024
B2,1,1,B2.grid,1024,1024,1024,1024
C2,2,1,C2.grid,2048,1024,1024,1024
D2,3,1,D2.grid,3072,1024,1024,1024
E2,4,1,E2.grid,4096,1024,1024,1024
F2,5,1,F2.grid,5120,1024,1024,1024
G2,6,1,G2.grid,6144,1024,1024,1024
H2,7,1,H2.grid,7168,1024,1024,1024
I2,8,1,I2.grid,8192,1024,1024,1024
J2,9,1,J2.grid,9216,1024,1024,1024
K2,10,1,K2.grid,10240,1024,1024,1024
L2,11,1,L2.grid,11264,1024,1024,1024
M2,12,1,M2.grid,12288,1024,1024,1024
N2,13,1,N2.grid,13312,1024,1024,1024
O2,14,1,O2.grid,14336,1024,1024,1024
P2,15,1,P2.grid,15360,1024,1024,1024
A3,0,2,A3.grid,0,2048,1024,1024
B3,1,2,B3.grid,1024,2048,1024,1024
C3,2,2,C3.grid,2048,2048,1024,1024
D3,3,2,D3.grid,3072,2048,1024,1024
E3,4,2,E3.grid,4096,2048,1024,1024
F3,5,2,F3.grid,5120,2048,1024,1024
G3,6,2,G3.grid,6144,2048,1024,1024
H3,7,2,H3.grid,7168,2048,1024,1024
I3,8,2,I3.grid,8192,2048,1024,1024
J3,9,2,J3.grid,9216,2048,1024,1024
K3,10,2,K3.grid,10240,2048,1024,1024
L3,11,2,L3.grid,11264,2048,1024,1024
M3,12,2,M3.grid,12288,2048,1024,1024
N3,13,2,N3.grid,13312,2048,1024,1024
O3,14,2,O3.grid,14336,2048,1024,1024
P3,15,2,P3.grid,15360,2048,1024,1024
A4,0,3,A4.grid,0,3072,1024,1024
B4,1,3,B4.grid,1024,3072,1024,1024
C4,2,3,C4.grid,2048,3072,1024,1024
D4,3,3,D4.grid,3072,3072,1024,1024
E4,4,3,E4.grid,4096,3072,1024,1024
F4,5,3,F4.grid,5120,3072,1024,1024
G4,6,3,G4.grid,6144,3072,1024,1024
H4,7,3,H4.grid,7168,3072,1024,1024
I4,8,3,I4.grid,8192,3072,1024,1024
J4,9,3,J4.grid,9216,3072,1024,1024
K4,10,3,K4.grid,10240,3072,1024,1024
L4,11,3,L4.grid,11264,3072,1024,1024
M4,12,3,M4.grid,12288,3072,1024,1024
N4,13,3,N4.grid,13312,3072,1024,1024
O4,14,3,O4.grid,14336,3072,1024,1024
P4,15,3,P4.grid,15360,3072,1024,1024
A5,0,4,A5.grid,0,4096,1024,1024
B5,1,4,B5.grid,1024,4096,1024,1024
C5,2,4,C5.grid,2048,4096,1024,1024
D5,3,4,D5.grid,3072,4096,1024,1024
E5,4,4,E5.grid,4096,4096,1024,1024
F5,5,4,F5.grid,5120,4096,1024,1024
G5,6,4,G5.grid,6144,4096,1024,1024
H5,7,4,H5.grid,7168,4096,1024,1024
I5,8,4,I5.grid,8192,4096,1024,1024
J5,9,4,J5.grid,9216,4096,1024,1024
K5,10,4,K5.grid,10240,4096,1024,1024
L5,11,4,L5.grid,11264,4096,1024,1024
M5,12,4,M5.grid,12288,4096,1024,1024
N5,13,4,N5.grid,13312,4096,1024,1024
O5,14,4,O5.grid,14336,4096,1024,1024
P5,15,4,P5.grid,15360,4096,1024,1024
A6,0,5,A6.grid,0,5120,1024,1024
B6,1,5,B6.grid,1024,5120,1024,1024
C6,2,5,C6.grid,2048,5120,1024,1024
D6,3,5,D6.grid,3072,5120,1024,1024
E6,4,5,E6.grid,4096,5120,1024,1024
F6,5,5,F6.grid,5120,5120,1024,1024
G6,6,5,G6.grid,6144,5120,1024,1024
H6,7,5,H6.grid,7168,5120,1024,1024
I6,8,5,I6.grid,8192,5120,1024,1024
J6,9,5,J6.grid,9216,5120,1024,1024
K6,10,5,K6.grid,10240,5120,1024,1024
L6,11,5,L6.grid,11264,5120,1024,1024
M6,12,5,M6.grid,12288,5120,1024,1024
N6,13,5,N6.grid,13312,5120,1024,1024
O6,14,5,O6.grid,14336,5120,1024,1024
P6,15,5,P6.grid,15360,5120,1024,1024
A7,0,6,A7.grid,0,6144,1024,1024
B7,1,6,B7.grid,1024,6144,1024,1024
C7,2,6,C7.grid,2048,6144,1024,1024
D7,3,6,D7.grid,3072,6144,1024,1024
E7,4,6,E7.grid,4096,6144,1024,1024
F7,5,6,F7.grid,5120,6144,1024,1024
G7,6,6,G7.grid,6144,6144,1024,1024
H7,7,6,H7.grid,7168,6144,1024,1024
I7,8,6,I7.grid,8192,6144,1024,1024
J7,9,6,J7.grid,9216,6144,1024,1024
K7,10,6,K7.grid,10240,6144,1024,1024
L7,11,6,L7.grid,11264,6144,1024,1024
M7,12,6,M7.grid,12288,6144,1024,1024
N7,13,6,N7.grid,13312,6144,1024,1024
O7,14,6,O7.grid,14336,6144,1024,1024
P7,15,6,P7.grid,15360,6144,1024,1024
A8,0,7,A8.grid,0,7168,1024,1024
B8,1,7,B8.grid,1024,7168,1024,1024
C8,2,7,C8.grid,2048,7168,1024,1024
D8,3,7,D8.grid,3072,7168,1024,1024
E8,4,7,E8.grid,4096,7168,1024,1024
F8,5,7,F8.grid,5120,7168,1024,1024
G8,6,7,G8.grid,6144,7168,1024,1024
H8,7,7,H8.grid,7168,7168,1024,1024
I8,8,7,I8.grid,8192,7168,1024,1024
J8,9,7,J8.grid,9216,7168,1024,1024
K8,10,7,K8.grid,10240,7168,1024,1024
L8,11,7,L8.grid,11264,7168,1024,1024
M8,12,7,M8.grid,12288,7168,1024,1024
N8,13,7,N8.grid,13312,7168,1024,1024
O8,14,7,O8.grid,14336,7168,1024,1024
P8,15,7,P8.grid,15360,7168,1024,1024
A9,0,8,A9.grid,0,8192,1024,1024
B9,1,8,B9.grid,1024,8192,1024,1024
C9,2,8,C9.grid,2048,8192,1024,1024
D9,3,8,D9.grid,3072,8192,1024,1024
E9,4,8,E9.grid,4096,8192,1024,1024
F9,5,8,F9.grid,5120,8192,1024,1024
G9,6,8,G9.grid,6144,8192,1024,1024
H9,7,8,H9.grid,7168,8192,1024,1024
I9,8,8,I9.grid,8192,8192,1024,1024
J9,9,8,J9.grid,9216,8192,1024,1024
K9,10,8,K9.grid,10240,8192,1024,1024
L9,11,8,L9.grid,11264,8192,1024,1024
M9,12,8,M9.grid,12288,8192,1024,1024
N9,13,8,N9.grid,13312,8192,1024,1024
O9,14,8,O9.grid,14336,8192,1024,1024
P9,15,8,P9.grid,15360,8192,1024,1024
A10,0,9,A10.grid,0,9216,1024,1024
B10,1,9,B10.grid,1024,9216,1024,1024
C10,2,9,C10.grid,2048,9216,1024,1024
D10,3,9,D10.grid,3072,9216,1024,1024
E10,4,9,E10.grid,4096,9216,1024,1024
F10,5,9,F10.grid,5120,9216,1024,1024
G10,6,9,G10.grid,6144,9216,1024,1024
H10,7,9,H10.grid,7168,9216,1024,1024
I10,8,9,I10.grid,8192,9216,1024,1024
J10,9,9,J10.grid,9216,9216,1024,1024
K10,10,9,K10.grid,10240,9216,1024,1024
L10,11,9,L10.grid,11264,9216,1024,1024
M10,12,9,M10.grid,12288,9216,1024,1024
N10,13,9,N10.grid,13312,9216,1024,1024
O10,14,9,O10.grid,14336,9216,1024,1024
P10,15,9,P10.grid,15360,9216,1024,1024
